Column1,Column2,Column3,Column4,Column5,Column6,Column7,,,,,,,,,,,,,,,,
-a----        , 4/29/2026,  , 1:00 PM ,          6915, ,670-80668-1_FLPivot.xlsx,,12,80668,,,80668,670-80668-1_FLPivot.xlsx,,80668,670-80668-1_FLPivot.xlsx,,8338,762-8338-1_FLPivot.xlsx,,82929,670-82929-1_FLPivot.xlsx
-a----        , 4/29/2026,  ,12:59 PM ,          6915, ,670-81730-1_FLPivot.xlsx                                             ,,12,81730,,,81730,670-81730-1_FLPivot.xlsx,,81730,670-81730-1_FLPivot.xlsx,,8338,J8338-1 UDS Level 2 Report Final Report.pdf,,85098,670-85098-1_FLPivot.xlsx
-a----        , 4/29/2026,  ,12:58 PM ,          6977, ,670-82336-1_FLPivot.xlsx                                             ,,12,82336,,,82336,670-82336-1_FLPivot.xlsx,,82336,670-82336-1_FLPivot.xlsx,,8574,762-8574-1_FLPivot.xlsx,,8716,762-8716-1_FLPivot.xlsx
-a----        , 4/29/2026,  ,12:57 PM ,          6910, ,670-82929-1_FLPivot.xlsx                                             ,,12,82929,,,82929,670-82929-1_FLPivot.xlsx,,82929,670-82929-1_FLPivot.xlsx,,8574,J8574-1 UDS Level 2 Report Final Report.pdf,,9030,762-9030-1_FLPivot.xlsx
-a----        , 4/29/2026,  ,12:56 PM ,          6915, ,670-83123-1_FLPivot.xlsx                                             ,,12,83123,,,83123,670-83123-1_FLPivot.xlsx,,83123,670-83123-1_FLPivot.xlsx,,8602,762-8602-1_FLPivot.xlsx,,9031,J9031-1 UDS Level 2 Report Final Report.pdf
-a----        , 4/29/2026,  ,12:56 PM ,          6910, ,670-83428-1_FLPivot.xlsx                                             ,,12,83428,,,83428,670-83428-1_FLPivot.xlsx,,83428,670-83428-1_FLPivot.xlsx,,8602,J8602-1 UDS Level 2 Report Final Report.pdf,,9032,J9032-1 UDS Level 2 Report Final Report.pdf
-a----        , 4/29/2026,  ,12:54 PM ,          6915, ,670-83876-1_FLPivot.xlsx                                             ,,12,83876,,,83876,670-83876-1_FLPivot.xlsx,,83876,670-83876-1_FLPivot.xlsx,,8603,762-8603-1_FLPivot.xlsx,,9074,J9074-1 UDS Level 2 Report Final Report.pdf
-a----        , 4/29/2026,  ,12:54 PM ,          6916, ,670-84409-1_FLPivot.xlsx                                             ,,12,84409,,,84409,670-84409-1_FLPivot.xlsx,,84409,670-84409-1_FLPivot.xlsx,,8603,J8603-1 UDS Level 2 Report Final Report.pdf,,,
-a----        , 4/29/2026,  ,12:52 PM ,          6917, ,670-85098-1_FLPivot.xlsx                                             ,,12,85098,,,85098,670-85098-1_FLPivot.xlsx,,85098,670-85098-1_FLPivot.xlsx,,8604,762-8604-1_FLPivot.xlsx,,,
-a----        , 4/29/2026,  ,12:51 PM ,          6984, ,670-85734-1_FLPivot.xlsx                                             ,,12,85734,,,85734,670-85734-1_FLPivot.xlsx,,85734,670-85734-1_FLPivot.xlsx,,8604,J8604-1 UDS Level 2 Report Final Report.pdf,,,
-a----        , 4/29/2026,  , 1:00 PM ,          7000, ,762-8338-1_FLPivot.xlsx                                              ,,11,8338,,,8338,762-8338-1_FLPivot.xlsx,,8338,762-8338-1_FLPivot.xlsx,,8620,762-8620-1_FLPivot.xlsx,,,
-a----        , 4/29/2026,  , 1:00 PM ,          6983, ,762-8574-1_FLPivot.xlsx                                              ,,11,8574,,,8574,762-8574-1_FLPivot.xlsx,,8574,762-8574-1_FLPivot.xlsx,,8620,J8620-1 UDS Level 2 Report Final Report.pdf,,,
-a----        , 4/29/2026,  ,12:59 PM ,          6914, ,762-8602-1_FLPivot.xlsx                                              ,,11,8602,,,8602,762-8602-1_FLPivot.xlsx,,8602,762-8602-1_FLPivot.xlsx,,8636,762-8636-1_FLPivot.xlsx,,,
-a----        , 4/29/2026,  ,12:59 PM ,          6540, ,762-8603-1_FLPivot.xlsx                                              ,,11,8603,,,8603,762-8603-1_FLPivot.xlsx,,8603,762-8603-1_FLPivot.xlsx,,8636,J8636-1 UDS Level 2 Report Final Report.pdf,,,
-a----        , 4/29/2026,  ,12:59 PM ,          6539, ,762-8604-1_FLPivot.xlsx                                              ,,11,8604,,,8604,762-8604-1_FLPivot.xlsx,,8604,762-8604-1_FLPivot.xlsx,,8649,762-8649-1_FLPivot.xlsx,,,
-a----        , 4/29/2026,  ,12:59 PM ,          6913, ,762-8620-1_FLPivot.xlsx                                              ,,11,8620,,,8620,762-8620-1_FLPivot.xlsx,,8620,762-8620-1_FLPivot.xlsx,,8649,J8649-1 UDS Level 2 Report Final Report.pdf,,,
-a----        , 4/29/2026,  ,12:59 PM ,          6914, ,762-8636-1_FLPivot.xlsx                                              ,,11,8636,,,8636,762-8636-1_FLPivot.xlsx,,8636,762-8636-1_FLPivot.xlsx,,8650,762-8650-1_FLPivot.xlsx,,,
-a----        , 4/29/2026,  ,12:59 PM ,          7000, ,762-8649-1_FLPivot.xlsx                                              ,,11,8649,,,8649,762-8649-1_FLPivot.xlsx,,8649,762-8649-1_FLPivot.xlsx,,8650,J8650-1 UDS Level 2 Report Final Report.pdf,,,
-a----        , 4/29/2026,  ,12:59 PM ,          6910, ,762-8650-1_FLPivot.xlsx                                              ,,11,8650,,,8650,762-8650-1_FLPivot.xlsx,,8650,762-8650-1_FLPivot.xlsx,,8666,762-8666-1_FLPivot.xlsx,,,
-a----        , 4/29/2026,  ,12:59 PM ,          6914, ,762-8666-1_FLPivot.xlsx                                              ,,11,8666,,,8666,762-8666-1_FLPivot.xlsx,,8666,762-8666-1_FLPivot.xlsx,,8666,J8666-1 UDS Level 2 Report Final Report.pdf,,,
-a----        , 4/29/2026,  ,12:59 PM ,          6541, ,762-8667-1_FLPivot.xlsx                                              ,,11,8667,,,8667,762-8667-1_FLPivot.xlsx,,8667,762-8667-1_FLPivot.xlsx,,8667,762-8667-1_FLPivot.xlsx,,,
-a----        , 4/29/2026,  ,12:59 PM ,          6541, ,762-8668-1_FLPivot.xlsx                                              ,,11,8668,,,8668,762-8668-1_FLPivot.xlsx,,8668,762-8668-1_FLPivot.xlsx,,8667,J8667-1 UDS Level 2 Report Final Report.pdf,,,
-a----        , 4/29/2026,  ,12:58 PM ,          6908, ,762-8678-1_FLPivot.xlsx                                              ,,11,8678,,,8678,762-8678-1_FLPivot.xlsx,,8678,762-8678-1_FLPivot.xlsx,,8668,762-8668-1_FLPivot.xlsx,,,
-a----        , 4/29/2026,  ,12:58 PM ,          6981, ,762-8695-1_FLPivot.xlsx                                              ,,11,8695,,,8695,762-8695-1_FLPivot.xlsx,,8695,762-8695-1_FLPivot.xlsx,,8668,J8668-1 UDS Level 2 Report Final Report.pdf,,,
-a----        , 4/29/2026,  ,12:58 PM ,          6737, ,762-8697-1_FLPivot.xlsx                                              ,,11,8697,,,8697,762-8697-1_FLPivot.xlsx,,8697,762-8697-1_FLPivot.xlsx,,8678,762-8678-1_FLPivot.xlsx,,,
-a----        , 4/29/2026,  ,12:58 PM ,          6992, ,762-8715-1_FLPivot.xlsx                                              ,,11,8715,,,8715,762-8715-1_FLPivot.xlsx,,8715,762-8715-1_FLPivot.xlsx,,8678,J8678-1 UDS Level 2 Report Final Report.pdf,,,
-a----        , 4/29/2026,  ,12:58 PM ,          6914, ,762-8716-1_FLPivot.xlsx                                              ,,11,8716,,,8716,762-8716-1_FLPivot.xlsx,,8716,762-8716-1_FLPivot.xlsx,,8695,762-8695-1_FLPivot.xlsx,,,
-a----        , 4/29/2026,  ,12:58 PM ,          7346, ,762-8717-1_FLPivot.xlsx                                              ,,11,8717,,,8717,762-8717-1_FLPivot.xlsx,,8717,762-8717-1_FLPivot.xlsx,,8695,J8695-1 UDS Level 2 Report Final Report.pdf,,,
-a----        , 4/29/2026,  ,12:57 PM ,          6914, ,762-8728-1_FLPivot.xlsx                                              ,,11,8728,,,8728,762-8728-1_FLPivot.xlsx,,8728,762-8728-1_FLPivot.xlsx,,8697,762-8697-1_FLPivot.xlsx,,,
-a----        , 4/29/2026,  ,12:58 PM ,          6601, ,762-8729-1_FLPivot.xlsx                                              ,,11,8729,,,8729,762-8729-1_FLPivot.xlsx,,8729,762-8729-1_FLPivot.xlsx,,8697,J8697-1 UDS Level 2 Report Final Report.pdf,,,
-a----        , 4/29/2026,  ,12:57 PM ,          6539, ,762-8730-1_FLPivot.xlsx                                              ,,11,8730,,,8730,762-8730-1_FLPivot.xlsx,,8730,762-8730-1_FLPivot.xlsx,,8715,762-8715-1_FLPivot.xlsx,,,
-a----        , 4/29/2026,  ,12:57 PM ,          6911, ,762-8740-1_FLPivot.xlsx                                              ,,11,8740,,,8740,762-8740-1_FLPivot.xlsx,,8740,762-8740-1_FLPivot.xlsx,,8715,J8715-1 UDS Level 2 Report Final Report.pdf,,,
-a----        , 4/29/2026,  ,12:57 PM ,          6975, ,762-8756-1_FLPivot.xlsx                                              ,,11,8756,,,8756,762-8756-1_FLPivot.xlsx,,8756,762-8756-1_FLPivot.xlsx,,8716,762-8716-1_FLPivot.xlsx,,,
-a----        , 4/29/2026,  ,12:57 PM ,          7068, ,762-8768-1_FLPivot.xlsx                                              ,,11,8768,,,8768,762-8768-1_FLPivot.xlsx,,8768,762-8768-1_FLPivot.xlsx,,8717,762-8717-1_FLPivot.xlsx,,,
-a----        , 4/29/2026,  ,12:57 PM ,          6985, ,762-8769-1_FLPivot.xlsx                                              ,,11,8769,,,8769,762-8769-1_FLPivot.xlsx,,8769,762-8769-1_FLPivot.xlsx,,8717,J8717-1 UDS Level 2 Report Final Report.pdf,,,
-a----        , 4/29/2026,  ,12:56 PM ,          6913, ,762-8789-1_FLPivot.xlsx                                              ,,11,8789,,,8789,762-8789-1_FLPivot.xlsx,,8789,762-8789-1_FLPivot.xlsx,,8728,762-8728-1_FLPivot.xlsx,,,
-a----        , 4/29/2026,  ,12:57 PM ,          6600, ,762-8790-1_FLPivot.xlsx                                              ,,11,8790,,,8790,762-8790-1_FLPivot.xlsx,,8790,762-8790-1_FLPivot.xlsx,,8728,J8728-1 UDS Level 2 Report Final Report.pdf,,,
-a----        , 4/29/2026,  ,12:57 PM ,          6601, ,762-8791-1_FLPivot.xlsx                                              ,,11,8791,,,8791,762-8791-1_FLPivot.xlsx,,8791,762-8791-1_FLPivot.xlsx,,8729,762-8729-1_FLPivot.xlsx,,,
-a----        , 4/29/2026,  ,12:56 PM ,          6907, ,762-8833-1_FLPivot.xlsx                                              ,,11,8833,,,8833,762-8833-1_FLPivot.xlsx,,8833,762-8833-1_FLPivot.xlsx,,8729,J8729-1 UDS Level 2 Report Final Report.pdf,,,
-a----        , 4/29/2026,  ,12:56 PM ,          6740, ,762-8835-1_FLPivot.xlsx                                              ,,11,8835,,,8835,762-8835-1_FLPivot.xlsx,,8835,762-8835-1_FLPivot.xlsx,,8730,762-8730-1_FLPivot.xlsx,,,
-a----        , 4/29/2026,  ,12:56 PM ,          7000, ,762-8842-1_FLPivot.xlsx                                              ,,11,8842,,,8842,762-8842-1_FLPivot.xlsx,,8842,762-8842-1_FLPivot.xlsx,,8730,J8730-1 UDS Level 2 Report Final Report.pdf,,,
-a----        , 4/29/2026,  ,12:56 PM ,          6916, ,762-8843-1_FLPivot.xlsx                                              ,,11,8843,,,8843,762-8843-1_FLPivot.xlsx,,8843,762-8843-1_FLPivot.xlsx,,8740,762-8740-1_FLPivot.xlsx,,,
-a----        , 4/29/2026,  ,12:55 PM ,          6908, ,762-8851-1_FLPivot.xlsx                                              ,,11,8851,,,8851,762-8851-1_FLPivot.xlsx,,8851,762-8851-1_FLPivot.xlsx,,8740,J8740-1 UDS Level 2 Report Final Report.pdf,,,
-a----        , 4/29/2026,  ,12:56 PM ,          6541, ,762-8852-1_FLPivot.xlsx                                              ,,11,8852,,,8852,762-8852-1_FLPivot.xlsx,,8852,762-8852-1_FLPivot.xlsx,,8756,762-8756-1_FLPivot.xlsx,,,
-a----        , 4/29/2026,  ,12:55 PM ,          6538, ,762-8853-1_FLPivot.xlsx                                              ,,11,8853,,,8853,762-8853-1_FLPivot.xlsx,,8853,762-8853-1_FLPivot.xlsx,,8756,J8756-1 UDS Level 2 Report Final Report.pdf,,,
-a----        , 4/29/2026,  ,12:55 PM ,          6912, ,762-8869-1_FLPivot.xlsx                                              ,,11,8869,,,8869,762-8869-1_FLPivot.xlsx,,8869,762-8869-1_FLPivot.xlsx,,8768,762-8768-1_FLPivot.xlsx,,,
-a----        , 4/29/2026,  ,12:55 PM ,          6907, ,762-8892-1_FLPivot.xlsx                                              ,,11,8892,,,8892,762-8892-1_FLPivot.xlsx,,8892,762-8892-1_FLPivot.xlsx,,8768,J8768-1 UDS Level 2 Report Final Report.pdf,,,
-a----        , 4/29/2026,  ,12:55 PM ,          6988, ,762-8905-1_FLPivot.xlsx                                              ,,11,8905,,,8905,762-8905-1_FLPivot.xlsx,,8905,762-8905-1_FLPivot.xlsx,,8769,762-8769-1_FLPivot.xlsx,,,
-a----        , 4/29/2026,  ,12:55 PM ,          6903, ,762-8906-1_FLPivot.xlsx                                              ,,11,8906,,,8906,762-8906-1_FLPivot.xlsx,,8906,762-8906-1_FLPivot.xlsx,,8769,J8769-1 UDS Level 2 Report Final Report.pdf,,,
-a----        , 4/29/2026,  ,12:54 PM ,          6912, ,762-8914-1_FLPivot.xlsx                                              ,,11,8914,,,8914,762-8914-1_FLPivot.xlsx,,8914,762-8914-1_FLPivot.xlsx,,8789,762-8789-1_FLPivot.xlsx,,,
-a----        , 4/29/2026,  ,12:54 PM ,          6540, ,762-8915-1_FLPivot.xlsx                                              ,,11,8915,,,8915,762-8915-1_FLPivot.xlsx,,8915,762-8915-1_FLPivot.xlsx,,8789,J8789-1 UDS Level 2 Report Final Report.pdf,,,
-a----        , 4/29/2026,  ,12:55 PM ,          6541, ,762-8916-1_FLPivot.xlsx                                              ,,11,8916,,,8916,762-8916-1_FLPivot.xlsx,,8916,762-8916-1_FLPivot.xlsx,,8790,762-8790-1_FLPivot.xlsx,,,
-a----        , 4/29/2026,  ,12:54 PM ,          6913, ,762-8924-1_FLPivot.xlsx                                              ,,11,8924,,,8924,762-8924-1_FLPivot.xlsx,,8924,762-8924-1_FLPivot.xlsx,,8790,J8790-1 UDS Level 2 Report Final Report.pdf,,,
-a----        , 4/29/2026,  ,12:54 PM ,          6915, ,762-8941-1_FLPivot.xlsx                                              ,,11,8941,,,8941,762-8941-1_FLPivot.xlsx,,8941,762-8941-1_FLPivot.xlsx,,8791,762-8791-1_FLPivot.xlsx,,,
-a----        , 4/29/2026,  ,12:54 PM ,          7067, ,762-8955-1_FLPivot.xlsx                                              ,,11,8955,,,8955,762-8955-1_FLPivot.xlsx,,8955,762-8955-1_FLPivot.xlsx,,8791,J8791-1 UDS Level 2 Report Final Report.pdf,,,
-a----        , 4/29/2026,  ,12:54 PM ,          6983, ,762-8956-1_FLPivot.xlsx                                              ,,11,8956,,,8956,762-8956-1_FLPivot.xlsx,,8956,762-8956-1_FLPivot.xlsx,,8833,762-8833-1_FLPivot.xlsx,,,
-a----        , 4/29/2026,  ,12:54 PM ,          7274, ,762-8959-1_FLPivot.xlsx                                              ,,11,8959,,,8959,762-8959-1_FLPivot.xlsx,,8959,762-8959-1_FLPivot.xlsx,,8833,J8833-1 UDS Level 2 Report Final Report.pdf,,,
-a----        , 4/29/2026,  ,12:53 PM ,          6915, ,762-8972-1_FLPivot.xlsx                                              ,,11,8972,,,8972,762-8972-1_FLPivot.xlsx,,8972,762-8972-1_FLPivot.xlsx,,8835,762-8835-1_FLPivot.xlsx,,,
-a----        , 4/29/2026,  ,12:53 PM ,          6600, ,762-8973-1_FLPivot.xlsx                                              ,,11,8973,,,8973,762-8973-1_FLPivot.xlsx,,8973,762-8973-1_FLPivot.xlsx,,8835,J8835-1 UDS Level 2 Report Final Report.pdf,,,
-a----        , 4/29/2026,  ,12:53 PM ,          6541, ,762-8974-1_FLPivot.xlsx                                              ,,11,8974,,,8974,762-8974-1_FLPivot.xlsx,,8974,762-8974-1_FLPivot.xlsx,,8842,762-8842-1_FLPivot.xlsx,,,
-a----        , 4/29/2026,  ,12:53 PM ,          6915, ,762-8988-1_FLPivot.xlsx                                              ,,11,8988,,,8988,762-8988-1_FLPivot.xlsx,,8988,762-8988-1_FLPivot.xlsx,,8842,J8842-1 UDS Level 2 Report Final Report.pdf,,,
-a----        , 4/29/2026,  ,12:53 PM ,          6915, ,762-9003-1_FLPivot.xlsx                                              ,,11,9003,,,9003,762-9003-1_FLPivot.xlsx,,9003,762-9003-1_FLPivot.xlsx,,8843,762-8843-1_FLPivot.xlsx,,,
-a----        , 4/29/2026,  ,12:53 PM ,          6743, ,762-9006-1_FLPivot.xlsx                                              ,,11,9006,,,9006,762-9006-1_FLPivot.xlsx,,9006,762-9006-1_FLPivot.xlsx,,8843,J8843-1 UDS Level 2 Report Final Report.pdf,,,
-a----        , 4/29/2026,  ,12:52 PM ,          6913, ,762-9013-1_FLPivot.xlsx                                              ,,11,9013,,,9013,762-9013-1_FLPivot.xlsx,,9013,762-9013-1_FLPivot.xlsx,,8851,762-8851-1_FLPivot.xlsx,,,
-a----        , 4/29/2026,  ,12:52 PM ,          7004, ,762-9014-1_FLPivot.xlsx                                              ,,11,9014,,,9014,762-9014-1_FLPivot.xlsx,,9014,762-9014-1_FLPivot.xlsx,,8851,J8851-1 UDS Level 2 Report Final Report.pdf,,,
-a----        , 4/29/2026,  ,12:51 PM ,          6913, ,762-9030-1_FLPivot.xlsx                                              ,,11,9030,,,9030,762-9030-1_FLPivot.xlsx,,9030,762-9030-1_FLPivot.xlsx,,8852,762-8852-1_FLPivot.xlsx,,,
-a----        , 4/29/2026,  ,12:52 PM ,          6914, ,762-9048-1_FLPivot.xlsx                                              ,,11,9048,,,9048,762-9048-1_FLPivot.xlsx,,9048,762-9048-1_FLPivot.xlsx,,8852,J8852-1 UDS Level 2 Report Final Report.pdf,,,
-a----        , 4/29/2026,  ,12:51 PM ,          6916, ,762-9091-1_FLPivot.xlsx                                              ,,11,9091,,,9091,762-9091-1_FLPivot.xlsx,,9091,762-9091-1_FLPivot.xlsx,,8853,762-8853-1_FLPivot.xlsx,,,
-a----        , 4/29/2026,  ,12:51 PM ,          7001, ,762-9092-1_FLPivot.xlsx                                              ,,11,9092,,,9092,762-9092-1_FLPivot.xlsx,,9092,762-9092-1_FLPivot.xlsx,,8853,J8853-1 UDS Level 2 Report Final Report.pdf,,,
-a----        , 4/29/2026,  , 6:55 AM ,          6860, ,762-9099-1_FLPivot.xlsx                                              ,,11,9099,,,9099,762-9099-1_FLPivot.xlsx,,9099,762-9099-1_FLPivot.xlsx,,8869,762-8869-1_FLPivot.xlsx,,,
-a----        , 4/29/2026,  ,12:51 PM ,          6600, ,762-9100-1_FLPivot.xlsx                                              ,,11,9100,,,9100,762-9100-1_FLPivot.xlsx,,9100,762-9100-1_FLPivot.xlsx,,8869,J8869-1 UDS Level 2 Report Final Report.pdf,,,
-a----        , 4/29/2026,  ,12:51 PM ,          6541, ,762-9101-1_FLPivot.xlsx                                              ,,11,9101,,,9101,762-9101-1_FLPivot.xlsx,,9101,762-9101-1_FLPivot.xlsx,,8892,762-8892-1_FLPivot.xlsx,,,
-a----        , 4/29/2026,  , 6:54 AM ,          6911, ,762-9121-1_FLPivot.xlsx                                              ,,11,9121,,,9121,762-9121-1_FLPivot.xlsx,,9121,762-9121-1_FLPivot.xlsx,,8892,J8892-1 UDS Level 2 Report Final Report.pdf,,,
-a----        , 4/29/2026,  , 6:54 AM ,          6912, ,762-9140-1_FLPivot.xlsx                                              ,,11,9140,,,9140,762-9140-1_FLPivot.xlsx,,9140,762-9140-1_FLPivot.xlsx,,8905,762-8905-1_FLPivot.xlsx,,,
-a----        , 4/29/2026,  , 6:54 AM ,          6737, ,762-9141-1_FLPivot.xlsx                                              ,,11,9141,,,9141,762-9141-1_FLPivot.xlsx,,9141,762-9141-1_FLPivot.xlsx,,8905,J8905-1 UDS Level 2 Report Final Report.pdf,,,
-a----        , 4/29/2026,  , 1:00 PM ,        944041, ,J80668-1 UDS Level 2 Report Final Report.pdf                         ,,9,80668,,,80668,J80668-1 UDS Level 2 Report Final Report.pdf,,9031,J9031-1 UDS Level 2 Report Final Report.pdf,,8906,762-8906-1_FLPivot.xlsx,,,
-a----        , 4/29/2026,  ,12:59 PM ,        957848, ,J81730-1 UDS Level 2 Report Final Report.pdf                         ,,9,81730,,,81730,J81730-1 UDS Level 2 Report Final Report.pdf,,9032,J9032-1 UDS Level 2 Report Final Report.pdf,,8906,J8906-1 UDS Level 2 Report Final Report.pdf,,,
-a----        , 4/29/2026,  ,12:58 PM ,        957189, ,J82336-1 UDS Level 2 Report Final Report.pdf                         ,,9,82336,,,82336,J82336-1 UDS Level 2 Report Final Report.pdf,,9074,J9074-1 UDS Level 2 Report Final Report.pdf,,8914,762-8914-1_FLPivot.xlsx,,,
-a----        , 4/29/2026,  ,12:56 PM ,        965828, ,J83123-1 UDS Level 2 Report Final Report.pdf                         ,,9,83123,,,83123,J83123-1 UDS Level 2 Report Final Report.pdf,,,,,8914,J8914-1 UDS Level 2 Report Final Report.pdf,,,
-a----        , 4/29/2026,  , 1:00 PM ,       1187880, ,J8338-1 UDS Level 2 Report Final Report.pdf                          ,,8,8338,,,8338,J8338-1 UDS Level 2 Report Final Report.pdf,,,,,8915,762-8915-1_FLPivot.xlsx,,,
-a----        , 4/29/2026,  ,12:56 PM ,        962230, ,J83428-1 UDS Level 2 Report Final Report.pdf                         ,,9,83428,,,83428,J83428-1 UDS Level 2 Report Final Report.pdf,,,,,8915,J8915-1 UDS Level 2 Report Final Report.pdf,,,
-a----        , 4/29/2026,  ,12:54 PM ,        952270, ,J83876-1 UDS Level 2 Report Final Report.pdf                         ,,9,83876,,,83876,J83876-1 UDS Level 2 Report Final Report.pdf,,,,,8916,762-8916-1_FLPivot.xlsx,,,
-a----        , 4/29/2026,  ,12:54 PM ,        950775, ,J84409-1 UDS Level 2 Report Final Report.pdf                         ,,9,84409,,,84409,J84409-1 UDS Level 2 Report Final Report.pdf,,,,,8916,J8916-1 UDS Level 2 Report Final Report.pdf,,,
-a----        , 4/29/2026,  ,12:51 PM ,        941713, ,J85734-1 UDS Level 2 Report Final Report.pdf                         ,,9,85734,,,85734,J85734-1 UDS Level 2 Report Final Report.pdf,,,,,8924,762-8924-1_FLPivot.xlsx,,,
-a----        , 4/29/2026,  , 1:00 PM ,       1187292, ,J8574-1 UDS Level 2 Report Final Report.pdf                          ,,8,8574,,,8574,J8574-1 UDS Level 2 Report Final Report.pdf,,,,,8924,J8924-1 UDS Level 2 Report Final Report.pdf,,,
-a----        , 4/29/2026,  ,12:59 PM ,       1192372, ,J8602-1 UDS Level 2 Report Final Report.pdf                          ,,8,8602,,,8602,J8602-1 UDS Level 2 Report Final Report.pdf,,,,,8941,762-8941-1_FLPivot.xlsx,,,
-a----        , 4/29/2026,  ,12:59 PM ,       1182458, ,J8603-1 UDS Level 2 Report Final Report.pdf                          ,,8,8603,,,8603,J8603-1 UDS Level 2 Report Final Report.pdf,,,,,8941,J8941-1 UDS Level 2 Report Final Report.pdf,,,
-a----        , 4/29/2026,  ,12:59 PM ,       1181656, ,J8604-1 UDS Level 2 Report Final Report.pdf                          ,,8,8604,,,8604,J8604-1 UDS Level 2 Report Final Report.pdf,,,,,8955,762-8955-1_FLPivot.xlsx,,,
-a----        , 4/29/2026,  ,12:59 PM ,       1190557, ,J8620-1 UDS Level 2 Report Final Report.pdf                          ,,8,8620,,,8620,J8620-1 UDS Level 2 Report Final Report.pdf,,,,,8955,J8955-1 UDS Level 2 Report Final Report.pdf,,,
-a----        , 4/29/2026,  ,12:59 PM ,       1208972, ,J8636-1 UDS Level 2 Report Final Report.pdf                          ,,8,8636,,,8636,J8636-1 UDS Level 2 Report Final Report.pdf,,,,,8956,762-8956-1_FLPivot.xlsx,,,
-a----        , 4/29/2026,  ,12:59 PM ,       1214692, ,J8649-1 UDS Level 2 Report Final Report.pdf                          ,,8,8649,,,8649,J8649-1 UDS Level 2 Report Final Report.pdf,,,,,8956,J8956-1 UDS Level 2 Report Final Report.pdf,,,
-a----        , 4/29/2026,  ,12:59 PM ,       1202019, ,J8650-1 UDS Level 2 Report Final Report.pdf                          ,,8,8650,,,8650,J8650-1 UDS Level 2 Report Final Report.pdf,,,,,8959,762-8959-1_FLPivot.xlsx,,,
-a----        , 4/29/2026,  ,12:59 PM ,       1216988, ,J8666-1 UDS Level 2 Report Final Report.pdf                          ,,8,8666,,,8666,J8666-1 UDS Level 2 Report Final Report.pdf,,,,,8959,J8959-1 UDS Level 2 Report Final Report.pdf,,,
-a----        , 4/29/2026,  ,12:59 PM ,       1198430, ,J8667-1 UDS Level 2 Report Final Report.pdf                          ,,8,8667,,,8667,J8667-1 UDS Level 2 Report Final Report.pdf,,,,,8972,762-8972-1_FLPivot.xlsx,,,
-a----        , 4/29/2026,  ,12:59 PM ,       1194260, ,J8668-1 UDS Level 2 Report Final Report.pdf                          ,,8,8668,,,8668,J8668-1 UDS Level 2 Report Final Report.pdf,,,,,8972,J8972-1 UDS Level 2 Report Final Report.pdf,,,
-a----        , 4/29/2026,  ,12:58 PM ,       1176530, ,J8678-1 UDS Level 2 Report Final Report.pdf                          ,,8,8678,,,8678,J8678-1 UDS Level 2 Report Final Report.pdf,,,,,8973,762-8973-1_FLPivot.xlsx,,,
-a----        , 4/29/2026,  ,12:58 PM ,       1225068, ,J8695-1 UDS Level 2 Report Final Report.pdf                          ,,8,8695,,,8695,J8695-1 UDS Level 2 Report Final Report.pdf,,,,,8973,J8973-1 UDS Level 2 Report Final Report.pdf,,,
-a----        , 4/29/2026,  ,12:58 PM ,       1212073, ,J8697-1 UDS Level 2 Report Final Report.pdf                          ,,8,8697,,,8697,J8697-1 UDS Level 2 Report Final Report.pdf,,,,,8974,762-8974-1_FLPivot.xlsx,,,
-a----        , 4/29/2026,  ,12:58 PM ,       1103771, ,J8715-1 UDS Level 2 Report Final Report.pdf                          ,,8,8715,,,8715,J8715-1 UDS Level 2 Report Final Report.pdf,,,,,8974,J8974-1 UDS Level 2 Report Final Report.pdf,,,
-a----        , 4/29/2026,  ,12:58 PM ,       1136316, ,J8717-1 UDS Level 2 Report Final Report.pdf                          ,,8,8717,,,8717,J8717-1 UDS Level 2 Report Final Report.pdf,,,,,8988,762-8988-1_FLPivot.xlsx,,,
-a----        , 4/29/2026,  ,12:57 PM ,       1223986, ,J8728-1 UDS Level 2 Report Final Report.pdf                          ,,8,8728,,,8728,J8728-1 UDS Level 2 Report Final Report.pdf,,,,,8988,J8988-1 UDS Level 2 Report Final Report.pdf,,,
-a----        , 4/29/2026,  ,12:58 PM ,       1204766, ,J8729-1 UDS Level 2 Report Final Report.pdf                          ,,8,8729,,,8729,J8729-1 UDS Level 2 Report Final Report.pdf,,,,,9003,762-9003-1_FLPivot.xlsx,,,
-a----        , 4/29/2026,  ,12:57 PM ,       1202140, ,J8730-1 UDS Level 2 Report Final Report.pdf                          ,,8,8730,,,8730,J8730-1 UDS Level 2 Report Final Report.pdf,,,,,9003,J9003-1 UDS Level 2 Report Final Report.pdf,,,
-a----        , 4/29/2026,  ,12:57 PM ,       1218193, ,J8740-1 UDS Level 2 Report Final Report.pdf                          ,,8,8740,,,8740,J8740-1 UDS Level 2 Report Final Report.pdf,,,,,9006,762-9006-1_FLPivot.xlsx,,,
-a----        , 4/29/2026,  ,12:57 PM ,       1208850, ,J8756-1 UDS Level 2 Report Final Report.pdf                          ,,8,8756,,,8756,J8756-1 UDS Level 2 Report Final Report.pdf,,,,,9006,J9006-1 UDS Level 2 Report Final Report.pdf,,,
-a----        , 4/29/2026,  ,12:57 PM ,       1349191, ,J8768-1 UDS Level 2 Report Final Report.pdf                          ,,8,8768,,,8768,J8768-1 UDS Level 2 Report Final Report.pdf,,,,,9013,762-9013-1_FLPivot.xlsx,,,
-a----        , 4/29/2026,  ,12:57 PM ,       1345887, ,J8769-1 UDS Level 2 Report Final Report.pdf                          ,,8,8769,,,8769,J8769-1 UDS Level 2 Report Final Report.pdf,,,,,9013,J9013-1 UDS Level 2 Report Final Report.pdf,,,
-a----        , 4/29/2026,  ,12:56 PM ,       1190694, ,J8789-1 UDS Level 2 Report Final Report.pdf                          ,,8,8789,,,8789,J8789-1 UDS Level 2 Report Final Report.pdf,,,,,9014,762-9014-1_FLPivot.xlsx,,,
-a----        , 4/29/2026,  ,12:57 PM ,       1168292, ,J8790-1 UDS Level 2 Report Final Report.pdf                          ,,8,8790,,,8790,J8790-1 UDS Level 2 Report Final Report.pdf,,,,,9014,J9014-1 UDS Level 2 Report Final Report.pdf,,,
-a----        , 4/29/2026,  ,12:57 PM ,       1173056, ,J8791-1 UDS Level 2 Report Final Report.pdf                          ,,8,8791,,,8791,J8791-1 UDS Level 2 Report Final Report.pdf,,,,,9030,762-9030-1_FLPivot.xlsx,,,
-a----        , 4/29/2026,  ,12:56 PM ,       1186704, ,J8833-1 UDS Level 2 Report Final Report.pdf                          ,,8,8833,,,8833,J8833-1 UDS Level 2 Report Final Report.pdf,,,,,9031,J9031-1 UDS Level 2 Report Final Report.pdf,,,
-a----        , 4/29/2026,  ,12:56 PM ,       1180851, ,J8835-1 UDS Level 2 Report Final Report.pdf                          ,,8,8835,,,8835,J8835-1 UDS Level 2 Report Final Report.pdf,,,,,9032,J9032-1 UDS Level 2 Report Final Report.pdf,,,
-a----        , 4/29/2026,  ,12:56 PM ,       1194169, ,J8842-1 UDS Level 2 Report Final Report.pdf                          ,,8,8842,,,8842,J8842-1 UDS Level 2 Report Final Report.pdf,,,,,9048,762-9048-1_FLPivot.xlsx,,,
-a----        , 4/29/2026,  ,12:56 PM ,       1195809, ,J8843-1 UDS Level 2 Report Final Report.pdf                          ,,8,8843,,,8843,J8843-1 UDS Level 2 Report Final Report.pdf,,,,,9048,J9048-1 UDS Level 2 Report Final Report.pdf,,,
-a----        , 4/29/2026,  ,12:55 PM ,       1217638, ,J8851-1 UDS Level 2 Report Final Report.pdf                          ,,8,8851,,,8851,J8851-1 UDS Level 2 Report Final Report.pdf,,,,,9074,J9074-1 UDS Level 2 Report Final Report.pdf,,,
-a----        , 4/29/2026,  ,12:56 PM ,       1207956, ,J8852-1 UDS Level 2 Report Final Report.pdf                          ,,8,8852,,,8852,J8852-1 UDS Level 2 Report Final Report.pdf,,,,,9091,762-9091-1_FLPivot.xlsx,,,
-a----        , 4/29/2026,  ,12:55 PM ,       1210839, ,J8853-1 UDS Level 2 Report Final Report.pdf                          ,,8,8853,,,8853,J8853-1 UDS Level 2 Report Final Report.pdf,,,,,9091,J9091-1 UDS Level 2 Report Final Report.pdf,,,
-a----        , 4/29/2026,  ,12:55 PM ,       1187919, ,J8869-1 UDS Level 2 Report Final Report.pdf                          ,,8,8869,,,8869,J8869-1 UDS Level 2 Report Final Report.pdf,,,,,9092,762-9092-1_FLPivot.xlsx,,,
-a----        , 4/29/2026,  ,12:55 PM ,       1192304, ,J8892-1 UDS Level 2 Report Final Report.pdf                          ,,8,8892,,,8892,J8892-1 UDS Level 2 Report Final Report.pdf,,,,,9092,J9092-1 UDS Level 2 Report Final Report.pdf,,,
-a----        , 4/29/2026,  ,12:55 PM ,       1202593, ,J8905-1 UDS Level 2 Report Final Report.pdf                          ,,8,8905,,,8905,J8905-1 UDS Level 2 Report Final Report.pdf,,,,,9099,762-9099-1_FLPivot.xlsx,,,
-a----        , 4/29/2026,  ,12:55 PM ,       1191693, ,J8906-1 UDS Level 2 Report Final Report.pdf                          ,,8,8906,,,8906,J8906-1 UDS Level 2 Report Final Report.pdf,,,,,9099,J9099-1 UDS Level 2 Report Final Report.pdf,,,
-a----        , 4/29/2026,  ,12:54 PM ,       1206726, ,J8914-1 UDS Level 2 Report Final Report.pdf                          ,,8,8914,,,8914,J8914-1 UDS Level 2 Report Final Report.pdf,,,,,9100,762-9100-1_FLPivot.xlsx,,,
-a----        , 4/29/2026,  ,12:54 PM ,       1190848, ,J8915-1 UDS Level 2 Report Final Report.pdf                          ,,8,8915,,,8915,J8915-1 UDS Level 2 Report Final Report.pdf,,,,,9100,J9100-1 UDS Level 2 Report Final Report.pdf,,,
-a----        , 4/29/2026,  ,12:55 PM ,       1182734, ,J8916-1 UDS Level 2 Report Final Report.pdf                          ,,8,8916,,,8916,J8916-1 UDS Level 2 Report Final Report.pdf,,,,,9101,762-9101-1_FLPivot.xlsx,,,
-a----        , 4/29/2026,  ,12:54 PM ,       1205147, ,J8924-1 UDS Level 2 Report Final Report.pdf                          ,,8,8924,,,8924,J8924-1 UDS Level 2 Report Final Report.pdf,,,,,9101,J9101-1 UDS Level 2 Report Final Report.pdf,,,
-a----        , 4/29/2026,  ,12:54 PM ,       1203906, ,J8941-1 UDS Level 2 Report Final Report.pdf                          ,,8,8941,,,8941,J8941-1 UDS Level 2 Report Final Report.pdf,,,,,9121,762-9121-1_FLPivot.xlsx,,,
-a----        , 4/29/2026,  ,12:54 PM ,       1192541, ,J8955-1 UDS Level 2 Report Final Report.pdf                          ,,8,8955,,,8955,J8955-1 UDS Level 2 Report Final Report.pdf,,,,,9121,J9121-1 UDS Level 2 Report Final Report.pdf,,,
-a----        , 4/29/2026,  ,12:54 PM ,       1190062, ,J8956-1 UDS Level 2 Report Final Report.pdf                          ,,8,8956,,,8956,J8956-1 UDS Level 2 Report Final Report.pdf,,,,,9140,762-9140-1_FLPivot.xlsx,,,
-a----        , 4/29/2026,  ,12:54 PM ,       1230121, ,J8959-1 UDS Level 2 Report Final Report.pdf                          ,,8,8959,,,8959,J8959-1 UDS Level 2 Report Final Report.pdf,,,,,9140,J9140-1 UDS Level 2 Report Final Report.pdf,,,
-a----        , 4/29/2026,  ,12:53 PM ,       1194575, ,J8972-1 UDS Level 2 Report Final Report.pdf                          ,,8,8972,,,8972,J8972-1 UDS Level 2 Report Final Report.pdf,,,,,9141,762-9141-1_FLPivot.xlsx,,,
-a----        , 4/29/2026,  ,12:53 PM ,       1171715, ,J8973-1 UDS Level 2 Report Final Report.pdf                          ,,8,8973,,,8973,J8973-1 UDS Level 2 Report Final Report.pdf,,,,,9141,J9141-1 UDS Level 2 Report Final Report.pdf,,,
-a----        , 4/29/2026,  ,12:53 PM ,       1174122, ,J8974-1 UDS Level 2 Report Final Report.pdf                          ,,8,8974,,,8974,J8974-1 UDS Level 2 Report Final Report.pdf,,,,,80668,670-80668-1_FLPivot.xlsx,,,
-a----        , 4/29/2026,  ,12:53 PM ,       1201195, ,J8988-1 UDS Level 2 Report Final Report.pdf                          ,,8,8988,,,8988,J8988-1 UDS Level 2 Report Final Report.pdf,,,,,80668,J80668-1 UDS Level 2 Report Final Report.pdf,,,
-a----        , 4/29/2026,  ,12:53 PM ,       1197738, ,J9003-1 UDS Level 2 Report Final Report.pdf                          ,,8,9003,,,9003,J9003-1 UDS Level 2 Report Final Report.pdf,,,,,81730,670-81730-1_FLPivot.xlsx,,,
-a----        , 4/29/2026,  ,12:53 PM ,       1189589, ,J9006-1 UDS Level 2 Report Final Report.pdf                          ,,8,9006,,,9006,J9006-1 UDS Level 2 Report Final Report.pdf,,,,,81730,J81730-1 UDS Level 2 Report Final Report.pdf,,,
-a----        , 4/29/2026,  ,12:52 PM ,       1283995, ,J9013-1 UDS Level 2 Report Final Report.pdf                          ,,8,9013,,,9013,J9013-1 UDS Level 2 Report Final Report.pdf,,,,,82336,670-82336-1_FLPivot.xlsx,,,
-a----        , 4/29/2026,  ,12:52 PM ,       1290300, ,J9014-1 UDS Level 2 Report Final Report.pdf                          ,,8,9014,,,9014,J9014-1 UDS Level 2 Report Final Report.pdf,,,,,82336,J82336-1 UDS Level 2 Report Final Report.pdf,,,
-a----        , 4/29/2026,  ,12:52 PM ,       1181381, ,J9031-1 UDS Level 2 Report Final Report.pdf                          ,,8,9031,,,9031,J9031-1 UDS Level 2 Report Final Report.pdf,,,,,82929,670-82929-1_FLPivot.xlsx,,,
-a----        , 4/29/2026,  ,12:52 PM ,       1177979, ,J9032-1 UDS Level 2 Report Final Report.pdf                          ,,8,9032,,,9032,J9032-1 UDS Level 2 Report Final Report.pdf,,,,,83123,670-83123-1_FLPivot.xlsx,,,
-a----        , 4/29/2026,  ,12:52 PM ,       1207291, ,J9048-1 UDS Level 2 Report Final Report.pdf                          ,,8,9048,,,9048,J9048-1 UDS Level 2 Report Final Report.pdf,,,,,83123,J83123-1 UDS Level 2 Report Final Report.pdf,,,
-a----        , 4/29/2026,  ,12:51 PM ,       1193313, ,J9074-1 UDS Level 2 Report Final Report.pdf                          ,,8,9074,,,9074,J9074-1 UDS Level 2 Report Final Report.pdf,,,,,83428,670-83428-1_FLPivot.xlsx,,,
-a----        , 4/29/2026,  ,12:51 PM ,       1200792, ,J9091-1 UDS Level 2 Report Final Report.pdf                          ,,8,9091,,,9091,J9091-1 UDS Level 2 Report Final Report.pdf,,,,,83428,J83428-1 UDS Level 2 Report Final Report.pdf,,,
-a----        , 4/29/2026,  ,12:51 PM ,       1201391, ,J9092-1 UDS Level 2 Report Final Report.pdf                          ,,8,9092,,,9092,J9092-1 UDS Level 2 Report Final Report.pdf,,,,,83876,670-83876-1_FLPivot.xlsx,,,
-a----        , 4/29/2026,  , 6:55 AM ,       1193526, ,J9099-1 UDS Level 2 Report Final Report.pdf                          ,,8,9099,,,9099,J9099-1 UDS Level 2 Report Final Report.pdf,,,,,83876,J83876-1 UDS Level 2 Report Final Report.pdf,,,
-a----        , 4/29/2026,  ,12:51 PM ,       1167262, ,J9100-1 UDS Level 2 Report Final Report.pdf                          ,,8,9100,,,9100,J9100-1 UDS Level 2 Report Final Report.pdf,,,,,84409,670-84409-1_FLPivot.xlsx,,,
-a----        , 4/29/2026,  ,12:51 PM ,       1173115, ,J9101-1 UDS Level 2 Report Final Report.pdf                          ,,8,9101,,,9101,J9101-1 UDS Level 2 Report Final Report.pdf,,,,,84409,J84409-1 UDS Level 2 Report Final Report.pdf,,,
-a----        , 4/29/2026,  , 6:54 AM ,       1192171, ,J9121-1 UDS Level 2 Report Final Report.pdf                          ,,8,9121,,,9121,J9121-1 UDS Level 2 Report Final Report.pdf,,,,,85098,670-85098-1_FLPivot.xlsx,,,
-a----        , 4/29/2026,  , 6:54 AM ,       1194224, ,J9140-1 UDS Level 2 Report Final Report.pdf                          ,,8,9140,,,9140,J9140-1 UDS Level 2 Report Final Report.pdf,,,,,85734,670-85734-1_FLPivot.xlsx,,,
-a----        , 4/29/2026,  , 6:54 AM ,       1187589, ,J9141-1 UDS Level 2 Report Final Report.pdf                          ,,8,9141,,,9141,J9141-1 UDS Level 2 Report Final Report.pdf,,,,,85734,J85734-1 UDS Level 2 Report Final Report.pdf,,,
,Total,,,,,149,,,,,,,,,,,,,,,,
,,,,,,,,,,,,,,,,,,,,,,
,,,,,,,,Excel Files,75,,4 without pdf,,,,,,,,,,,
,,,,,,,,PDF Files,74,,3 without excel,,,,,,,,,,,
,,,,,,,,,149,,,,,,,,,,,,,
